Category,Code,Title,Step,Filename
Quality,Q1A(R2),安定性試験法: 新有効成分含有医薬品,Step 5,000156844.pdf
Quality,Q1B,安定性試験法: 光安定性,Step 5,000156606.pdf
Quality,Q1C,安定性試験法: 新剤型及び一部変更,Step 5,000155987.pdf
Quality,Q1D,安定性試験法: ブラケッティング&マトリキシング,Step 5,000156354.pdf
Quality,Q1E,安定性試験法: 安定性データの評価,Step 5,000156086.pdf
Quality,Q2(R1),分析法バリデーション: 実施項目&実施方法,Step 5,000156368.pdf
Quality,Q2(R1),分析法バリデーション: 実施項目&実施方法,Step 5,000156432.pdf
Quality,Q3A(R2),原薬の不純物,Step 5,000156108.pdf
Quality,Q3B(R2),製剤の不純物,Step 5,000156298.pdf
Quality,Q3C(R9),「医薬品の残留溶媒」の改正,Step 5,000156502.pdf
Quality,Q3D(R2),「医薬品の元素不純物」の改正,Step 5,000207677.pdf
Quality,Q4B,薬局方テキストのICH地域における相互利用,Step 5,000156021.pdf
Quality,Q5A(R1),バイオ医薬品の品質: ウィルスバリデーション,Step 5,000156380.pdf
Quality,Q5B,バイオ医薬品の品質: 遺伝的安定性,Step 5,000156706.pdf
Quality,Q5C,バイオ医薬品の品質: 製品の安定性,Step 5,000156460.pdf
Quality,Q5D,バイオ医薬品の品質: 細胞株管理（セルサブストレート）,Step 5,000156150.pdf
Quality,Q5E,バイオ医薬品の品質: 同等性比較,Step 5,000156276.pdf